ID;FECHA;HORA_UTC;LATITUD;LONGITUD;PROFUNDIDAD_KM;MAGNITUD_MI;DEPARTAMENTO;MUNICIPIO;CANTIDAD;DÍA;MES
S_01;28/07/1994;11:55:12;4.725;-75.851;19.7;2.7;VALLE DEL CAUCA;CARTAGO;1;28;7
S_02;3/09/1995;8:45:40;4.681;-75.978;14.9;2.8;VALLE DEL CAUCA;CARTAGO;1;3;9
S_03;4/05/1996;9:25:23;4.764;-75.845;76.8;1.8;VALLE DEL CAUCA;CARTAGO;1;4;5
S_04;16/05/2000;12:40:30;4.715;-75.886;0.7;2.7;VALLE DEL CAUCA;CARTAGO;1;16;5
S_05;1/08/2000;4:23:36;4.645;-75.898;14.9;2.3;VALLE DEL CAUCA;CARTAGO;1;1;8
S_06;17/04/2001;6:44:00;4.71;-75.852;17.9;1.6;VALLE DEL CAUCA;CARTAGO;1;17;4
S_07;5/06/2001;8:07:33;4.691;-75.956;4.1;2.8;VALLE DEL CAUCA;CARTAGO;1;5;6
S_08;13/06/2001;2:55:35;4.732;-75.915;18;1.9;VALLE DEL CAUCA;CARTAGO;1;13;6
S_09;2/08/2005;7:35:05;4.686;-75.937;21.9;2.4;VALLE DEL CAUCA;CARTAGO;1;2;8
S_10;2/09/2006;13:19:05;4.764;-75.906;133.7;2.9;VALLE DEL CAUCA;CARTAGO;1;2;9
S_11;19/09/2006;23:19:27;4.674;-75.902;2.1;2.8;VALLE DEL CAUCA;CARTAGO;1;19;9
S_12;12/01/2007;12:57:35;4.685;-75.899;143;3.4;VALLE DEL CAUCA;CARTAGO;1;12;1
S_13;3/06/2008;17:47:43;4.757;-75.896;60.9;2.8;VALLE DEL CAUCA;CARTAGO;1;3;6
S_14;16/12/2008;17:35:14;4.732;-75.897;120;1.7;VALLE DEL CAUCA;CARTAGO;1;16;12
S_15;16/09/2009;3:37:39;4.68;-75.966;20.1;2.1;VALLE DEL CAUCA;CARTAGO;1;16;9
S_16;5/01/2010;3:34:03;4.75;-75.948;1.9;1.6;VALLE DEL CAUCA;CARTAGO;1;5;1
S_17;3/03/2010;7:30:40;4.705;-75.893;149.7;1.6;VALLE DEL CAUCA;CARTAGO;1;3;3
S_18;15/03/2010;21:52:33;4.755;-75.944;4;2.7;VALLE DEL CAUCA;CARTAGO;1;15;3
S_19;2/04/2010;1:09:33;4.787;-75.885;14.8;1.4;VALLE DEL CAUCA;CARTAGO;1;2;4
S_20;7/07/2010;17:10:59;4.688;-75.928;26.7;1.6;VALLE DEL CAUCA;CARTAGO;1;7;7
S_21;31/07/2010;9:39:59;4.712;-75.911;117.8;2.5;VALLE DEL CAUCA;CARTAGO;1;31;7
S_22;11/01/2011;9:18:45;4.766;-75.848;111.4;1.7;VALLE DEL CAUCA;CARTAGO;1;11;1
S_23;1/02/2011;6:27:11;4.781;-75.815;64.5;1.4;VALLE DEL CAUCA;CARTAGO;1;1;2
S_24;21/04/2012;5:54:01;4.717;-75.89;12.9;2.1;VALLE DEL CAUCA;CARTAGO;1;21;4
S_25;10/12/2012;5:57:53;4.787;-75.839;62.9;1.1;VALLE DEL CAUCA;CARTAGO;1;10;12
S_26;29/12/2012;1:53:19;4.78;-75.919;31.4;2.4;VALLE DEL CAUCA;CARTAGO;1;29;12
S_27;21/07/2013;18:26:47;4.668;-75.897;0;1.8;VALLE DEL CAUCA;CARTAGO;1;21;7
S_28;30/12/2013;7:36:21;4.765;-75.947;128.3;1.8;VALLE DEL CAUCA;CARTAGO;1;30;12
S_29;11/05/2014;4:37:27;4.765;-75.893;9.5;1.3;VALLE DEL CAUCA;CARTAGO;1;11;5
S_30;19/05/2014;17:45:33;4.77;-75.909;3.8;0.8;VALLE DEL CAUCA;CARTAGO;1;19;5
S_31;23/07/2014;11:45:09;4.699;-75.91;16.7;1.3;VALLE DEL CAUCA;CARTAGO;1;23;7
S_32;12/08/2014;14:32:31;4.755;-75.831;21;1.2;VALLE DEL CAUCA;CARTAGO;1;12;8
S_33;7/09/2014;10:22:14;4.668;-75.917;133.5;1.7;VALLE DEL CAUCA;CARTAGO;1;7;9
S_34;21/11/2014;11:22:36;4.796;-75.925;59.7;1.1;VALLE DEL CAUCA;CARTAGO;1;21;11
S_35;30/12/2014;4:46:41;4.714;-75.948;51.1;0.9;VALLE DEL CAUCA;CARTAGO;1;30;12
S_36;8/03/2015;23:22:39;4.788;-75.92;47.4;1.3;VALLE DEL CAUCA;CARTAGO;1;8;3
S_37;24/04/2015;9:56:30;4.812;-75.929;4.5;1.7;VALLE DEL CAUCA;CARTAGO;1;24;4
S_38;9/08/2015;4:53:09;4.807;-75.929;63.2;1.4;VALLE DEL CAUCA;CARTAGO;1;9;8
S_39;31/03/2016;3:12:55;4.758;-75.96;52;2;VALLE DEL CAUCA;CARTAGO;1;31;3
S_40;3/07/2016;1:27:20;4.719;-75.951;83.6;0.9;VALLE DEL CAUCA;CARTAGO;1;3;7
S_41;12/07/2016;1:50:36;4.797;-75.917;71.1;1.2;VALLE DEL CAUCA;CARTAGO;1;12;7
S_42;19/11/2016;19:05:36;4.802;-75.885;30.2;2.2;VALLE DEL CAUCA;CARTAGO;1;19;11
S_43;20/01/2017;18:44:45;4.716;-75.889;56;1.8;VALLE DEL CAUCA;CARTAGO;1;20;1
S_44;13/03/2017;14:23:07;4.72;-75.932;20.6;1.7;VALLE DEL CAUCA;CARTAGO;1;13;3
S_45;18/03/2017;4:08:43;4.662;-75.942;10.5;0.9;VALLE DEL CAUCA;CARTAGO;1;18;3
S_46;31/03/2018;5:31:32;4.632;-75.876;30.89;1.4;VALLE DEL CAUCA;CARTAGO;1;31;3
S_47;14/12/2018;1:41:49;4.704;-75.86;49.76;0.9;VALLE DEL CAUCA;CARTAGO;1;14;12
S_48;15/12/2018;10:04:06;4.673;-75.886;2.98;1.1;VALLE DEL CAUCA;CARTAGO;1;15;12
S_49;1/01/2019;19:37:32;4.697;-75.951;62.04;1.3;VALLE DEL CAUCA;CARTAGO;1;1;1
S_50;15/01/2019;1:54:07;4.613;-75.867;23.13;1.7;VALLE DEL CAUCA;CARTAGO;1;15;1
S_51;18/02/2019;1:21:32;4.757;-75.86;125.57;1.9;VALLE DEL CAUCA;CARTAGO;1;18;2
S_52;29/04/2019;20:24:16;4.659;-75.942;38.34;1.1;VALLE DEL CAUCA;CARTAGO;1;29;4
S_53;23/05/2019;9:57:45;4.693;-75.869;2.78;1;VALLE DEL CAUCA;CARTAGO;1;23;5
S_54;1/07/2019;19:18:49;4.757;-75.984;66.32;1.2;VALLE DEL CAUCA;CARTAGO;1;1;7
S_55;10/07/2019;7:33:01;4.712;-75.961;116.38;0.9;VALLE DEL CAUCA;CARTAGO;1;10;7
S_56;30/07/2019;7:15:09;4.737;-75.984;63.1;0.9;VALLE DEL CAUCA;CARTAGO;1;30;7
S_57;12/08/2019;5:58:40;4.615;-75.869;4.06;3;VALLE DEL CAUCA;CARTAGO;1;12;8
S_58;4/10/2019;2:15:42;4.692;-75.881;12.36;0.8;VALLE DEL CAUCA;CARTAGO;1;4;10
S_59;23/11/2019;15:24:13;4.656;-75.942;11.93;1.3;VALLE DEL CAUCA;CARTAGO;1;23;11
S_60;4/02/2020;13:49:55;4.721;-75.975;68.43;1.4;VALLE DEL CAUCA;CARTAGO;1;4;2
S_61;16/03/2020;7:10:20;4.725;-75.959;55.88;1.2;VALLE DEL CAUCA;CARTAGO;1;16;3
S_62;24/03/2020;13:07:34;4.699;-75.997;56.33;1.5;VALLE DEL CAUCA;CARTAGO;1;24;3
S_63;23/04/2020;6:54:07;4.772;-75.959;107.44;1.4;VALLE DEL CAUCA;CARTAGO;1;23;4
S_64;12/05/2020;16:59:52;4.681;-75.965;119.77;1.6;VALLE DEL CAUCA;CARTAGO;1;12;5
S_65;31/05/2020;2:07:21;4.731;-75.888;92.73;1.2;VALLE DEL CAUCA;CARTAGO;1;31;5
S_66;6/07/2020;14:49:43;4.689;-75.901;53.3;1.2;VALLE DEL CAUCA;CARTAGO;1;6;7
S_67;10/07/2020;9:51:26;4.747;-75.954;130.07;1.3;VALLE DEL CAUCA;CARTAGO;1;10;7
S_68;24/07/2020;20:32:11;4.744;-75.915;50.72;2.5;VALLE DEL CAUCA;CARTAGO;1;24;7
S_69;18/08/2020;10:38:21;4.69;-75.937;22.48;0.9;VALLE DEL CAUCA;CARTAGO;1;18;8
S_70;2/11/2020;7:10:39;4.669;-75.985;20;0.9;VALLE DEL CAUCA;CARTAGO;1;2;11
S_71;5/11/2020;4:19:28;4.687;-75.864;4;0.6;VALLE DEL CAUCA;CARTAGO;1;5;11
S_72;13/11/2020;4:52:57;4.754;-75.95;52.54;1.7;VALLE DEL CAUCA;CARTAGO;1;13;11
S_73;4/12/2020;19:42:17;4.793;-75.923;97.63;2.8;VALLE DEL CAUCA;CARTAGO;1;4;12
S_74;13/01/2021;12:04:07;4.665;-75.913;127.13;2.1;VALLE DEL CAUCA;CARTAGO;1;13;1
S_75;23/02/2021;5:06:58;4.691;-76.003;58.63;1.6;VALLE DEL CAUCA;CARTAGO;1;23;2
S_76;10/03/2021;7:15:51;4.699;-75.96;92.92;1.4;VALLE DEL CAUCA;CARTAGO;1;10;3
S_77;15/05/2021;21:42:13;4.668;-75.997;54.18;1.6;VALLE DEL CAUCA;CARTAGO;1;15;5
S_78;23/05/2021;9:22:20;4.709;-75.936;87.11;1.4;VALLE DEL CAUCA;CARTAGO;1;23;5
S_79;27/06/2021;5:26:27;4.734;-75.987;46.8;1.3;VALLE DEL CAUCA;CARTAGO;1;27;6
S_80;1/09/2021;10:06:24;4.632;-75.856;36.13;1.3;VALLE DEL CAUCA;CARTAGO;1;1;9
S_81;22/11/2021;20:35:54;4.71;-75.858;28.87;1.9;VALLE DEL CAUCA;CARTAGO;1;22;11
S_82;1/01/2022;12:43:59;4.752;-75.971;110.73;1.6;VALLE DEL CAUCA;CARTAGO;1;1;1
S_83;8/03/2022;4:11:16;4.696;-75.987;26.17;1.3;VALLE DEL CAUCA;CARTAGO;1;8;3
S_84;12/03/2022;3:22:29;4.709;-75.983;66.02;1.3;VALLE DEL CAUCA;CARTAGO;1;12;3
S_85;2/05/2022;23:20:47;4.726;-75.979;99.77;1.3;VALLE DEL CAUCA;CARTAGO;1;2;5
S_86;23/05/2022;23:36:59;4.727;-75.931;54.88;1;VALLE DEL CAUCA;CARTAGO;1;23;5
S_87;8/06/2022;20:08:01;4.729;-75.946;48.79;1.2;VALLE DEL CAUCA;CARTAGO;1;8;6
S_88;26/07/2022;17:12:00;4.78;-75.973;18.89;1.5;VALLE DEL CAUCA;CARTAGO;1;26;7
S_89;19/08/2022;4:18:33;4.761;-75.929;46.21;1.4;VALLE DEL CAUCA;CARTAGO;1;19;8
S_90;23/08/2022;7:01:52;4.76;-75.958;47.73;0.9;VALLE DEL CAUCA;CARTAGO;1;23;8
S_91;25/08/2022;3:16:08;4.744;-75.954;45.98;1.6;VALLE DEL CAUCA;CARTAGO;1;25;8
S_92;3/10/2022;21:34:59;4.762;-75.926;114.08;1.9;VALLE DEL CAUCA;CARTAGO;1;3;10
S_93;5/10/2022;2:58:31;4.715;-75.921;106.09;1.4;VALLE DEL CAUCA;CARTAGO;1;5;10
S_94;16/11/2022;2:03:50;4.722;-75.876;13.05;1;VALLE DEL CAUCA;CARTAGO;1;16;11
S_95;16/11/2022;23:31:17;4.655;-75.886;12.93;1.2;VALLE DEL CAUCA;CARTAGO;1;16;11
S_96;23/11/2022;3:15:08;4.682;-76.007;71.76;1.1;VALLE DEL CAUCA;CARTAGO;1;23;11
S_97;4/12/2022;4:38:36;4.655;-75.832;32.62;0.9;VALLE DEL CAUCA;CARTAGO;1;4;12
S_98;17/12/2022;0:58:05;4.746;-75.955;47.44;2.1;VALLE DEL CAUCA;CARTAGO;1;17;12
S_99;17/12/2022;1:07:50;4.733;-75.935;49.73;1.2;VALLE DEL CAUCA;CARTAGO;1;17;12
S_100;13/01/2023;13:43:09;4.79;-75.927;51.84;0.9;VALLE DEL CAUCA;CARTAGO;1;13;1
S_101;24/01/2023;1:30:31;4.747;-75.864;101.64;1.5;VALLE DEL CAUCA;CARTAGO;1;24;1
S_102;30/01/2023;0:56:22;4.685;-75.875;102.46;1.3;VALLE DEL CAUCA;CARTAGO;1;30;1
S_103;14/02/2023;9:05:00;4.662;-75.909;45.92;2.2;VALLE DEL CAUCA;CARTAGO;1;14;2
S_104;9/03/2023;18:23:03;4.685;-75.835;37.6;1.7;VALLE DEL CAUCA;CARTAGO;1;9;3
S_105;31/03/2023;7:33:39;4.795;-75.95;107.12;1.3;VALLE DEL CAUCA;CARTAGO;1;31;3
S_106;28/05/2023;19:36:01;4.649;-75.869;40.35;1.1;VALLE DEL CAUCA;CARTAGO;1;28;5
S_107;15/07/2023;6:42:30;4.717;-75.953;103.98;1.1;VALLE DEL CAUCA;CARTAGO;1;15;7
S_108;15/08/2023;0:25:27;4.644;-75.874;134.8;1.3;VALLE DEL CAUCA;CARTAGO;1;15;8
S_109;27/08/2023;21:48:53;4.764;-75.962;71.64;2.7;VALLE DEL CAUCA;CARTAGO;1;27;8
S_110;29/08/2023;16:51:36;4.648;-75.92;35.47;2.3;VALLE DEL CAUCA;CARTAGO;1;29;8
S_111;1/09/2023;12:33:29;4.68;-75.992;45.98;1.1;VALLE DEL CAUCA;CARTAGO;1;1;9
S_112;16/09/2023;7:26:49;4.723;-75.858;107.15;1.6;VALLE DEL CAUCA;CARTAGO;1;16;9
S_113;1/10/2023;19:13:03;4.787;-75.939;46.04;2.3;VALLE DEL CAUCA;CARTAGO;1;1;10
S_114;19/10/2023;1:58:32;4.669;-75.998;3;1.2;VALLE DEL CAUCA;CARTAGO;1;19;10
S_115;6/11/2023;23:53:11;4.735;-75.946;109.02;1.5;VALLE DEL CAUCA;CARTAGO;1;6;11
S_116;17/11/2023;10:14:28;4.765;-75.933;28.63;1.2;VALLE DEL CAUCA;CARTAGO;1;17;11
S_117;17/11/2023;10:19:56;4.737;-75.969;19.74;1;VALLE DEL CAUCA;CARTAGO;1;17;11
S_118;19/12/2023;6:17:05;4.647;-75.836;37.83;1.2;VALLE DEL CAUCA;CARTAGO;1;19;12
S_119;8/01/2024;13:49:40;4.789;-75.953;42.29;1.3;VALLE DEL CAUCA;CARTAGO;1;8;1
S_120;9/01/2024;11:23:23;4.651;-75.884;117.1;1.1;VALLE DEL CAUCA;CARTAGO;1;9;1
S_121;15/01/2024;3:54:23;4.713;-76.004;52.89;1.4;VALLE DEL CAUCA;CARTAGO;1;15;1
S_122;19/01/2024;11:31:41;4.756;-75.984;48.26;3.4;VALLE DEL CAUCA;CARTAGO;1;19;1
S_123;19/01/2024;11:36:47;4.798;-75.926;60.57;1.6;VALLE DEL CAUCA;CARTAGO;1;19;1
S_124;19/01/2024;11:39:01;4.739;-75.983;42.11;1.8;VALLE DEL CAUCA;CARTAGO;1;19;1
S_125;19/01/2024;11:40:23;4.763;-75.967;42.7;1.6;VALLE DEL CAUCA;CARTAGO;1;19;1
S_126;19/01/2024;11:43:23;4.693;-75.997;53.48;1.6;VALLE DEL CAUCA;CARTAGO;1;19;1
S_127;19/01/2024;11:44:06;4.672;-75.955;64.78;1.7;VALLE DEL CAUCA;CARTAGO;1;19;1
S_128;19/01/2024;11:45:19;4.757;-75.984;49.96;1.6;VALLE DEL CAUCA;CARTAGO;1;19;1
S_129;19/01/2024;11:55:06;4.704;-75.936;69.41;1.6;VALLE DEL CAUCA;CARTAGO;1;19;1
S_130;19/01/2024;12:19:29;4.752;-75.98;46.45;1.5;VALLE DEL CAUCA;CARTAGO;1;19;1
S_131;19/01/2024;12:24:38;4.729;-75.954;51.6;1.5;VALLE DEL CAUCA;CARTAGO;1;19;1
S_132;19/01/2024;12:28:22;4.782;-75.942;49.02;1.2;VALLE DEL CAUCA;CARTAGO;1;19;1
S_133;19/01/2024;12:36:38;4.708;-75.981;56.82;1.2;VALLE DEL CAUCA;CARTAGO;1;19;1
S_134;19/01/2024;12:37:43;4.75;-75.967;49.49;2.4;VALLE DEL CAUCA;CARTAGO;1;19;1
S_135;19/01/2024;12:51:30;4.747;-75.979;48.67;1.3;VALLE DEL CAUCA;CARTAGO;1;19;1
S_136;19/01/2024;13:00:03;4.783;-75.973;48.91;1.3;VALLE DEL CAUCA;CARTAGO;1;19;1
S_137;19/01/2024;13:06:34;4.766;-75.955;46.09;1.2;VALLE DEL CAUCA;CARTAGO;1;19;1
S_138;19/01/2024;14:18:32;4.761;-75.935;49.02;1.4;VALLE DEL CAUCA;CARTAGO;1;19;1
S_139;19/01/2024;15:43:31;4.722;-75.923;47.73;1.2;VALLE DEL CAUCA;CARTAGO;1;19;1
S_140;19/01/2024;16:29:00;4.746;-75.922;49.02;1.1;VALLE DEL CAUCA;CARTAGO;1;19;1
S_141;19/01/2024;16:42:58;4.755;-75.983;50.08;1.3;VALLE DEL CAUCA;CARTAGO;1;19;1
S_142;19/01/2024;16:53:45;4.714;-75.937;62.09;1.6;VALLE DEL CAUCA;CARTAGO;1;19;1
S_143;19/01/2024;17:51:50;4.757;-75.976;44.57;1.6;VALLE DEL CAUCA;CARTAGO;1;19;1
S_144;19/01/2024;17:52:33;4.795;-75.95;46.45;1.5;VALLE DEL CAUCA;CARTAGO;1;19;1
S_145;19/01/2024;17:59:01;4.763;-75.959;45.74;1.5;VALLE DEL CAUCA;CARTAGO;1;19;1
S_146;19/01/2024;18:01:08;4.771;-75.963;49.02;1.2;VALLE DEL CAUCA;CARTAGO;1;19;1
S_147;19/01/2024;21:50:17;4.754;-75.956;44.34;1.4;VALLE DEL CAUCA;CARTAGO;1;19;1
S_148;19/01/2024;21:53:02;4.752;-75.946;49.02;1.5;VALLE DEL CAUCA;CARTAGO;1;19;1
S_149;20/01/2024;0:18:15;4.754;-75.849;67.67;1.2;VALLE DEL CAUCA;CARTAGO;1;20;1
S_150;20/01/2024;5:03:23;4.771;-75.939;49.02;1.4;VALLE DEL CAUCA;CARTAGO;1;20;1
S_151;20/01/2024;7:25:24;4.761;-75.969;50.2;1.5;VALLE DEL CAUCA;CARTAGO;1;20;1
S_152;20/01/2024;14:56:25;4.771;-75.961;46.91;1.6;VALLE DEL CAUCA;CARTAGO;1;20;1
S_153;20/01/2024;21:29:35;4.757;-75.959;49.02;1.7;VALLE DEL CAUCA;CARTAGO;1;20;1
S_154;20/01/2024;21:52:36;4.752;-75.937;47.85;1;VALLE DEL CAUCA;CARTAGO;1;20;1
S_155;20/01/2024;23:34:17;4.778;-75.946;50.2;2.2;VALLE DEL CAUCA;CARTAGO;1;20;1
S_156;21/01/2024;1:08:34;4.761;-75.974;49.02;1.4;VALLE DEL CAUCA;CARTAGO;1;21;1
S_157;21/01/2024;3:32:25;4.742;-75.961;49.02;1.4;VALLE DEL CAUCA;CARTAGO;1;21;1
S_158;21/01/2024;8:29:12;4.752;-75.967;45.98;1.7;VALLE DEL CAUCA;CARTAGO;1;21;1
S_159;21/01/2024;13:37:09;4.656;-75.895;45.34;1.8;VALLE DEL CAUCA;CARTAGO;1;21;1
S_160;22/01/2024;18:41:36;4.788;-75.937;45.98;1.8;VALLE DEL CAUCA;CARTAGO;1;22;1
S_161;23/01/2024;4:08:35;4.759;-75.982;49.02;1.4;VALLE DEL CAUCA;CARTAGO;1;23;1
S_162;23/01/2024;7:59:33;4.761;-75.924;44.8;1.7;VALLE DEL CAUCA;CARTAGO;1;23;1
S_163;23/01/2024;15:38:32;4.746;-75.956;49.73;1.7;VALLE DEL CAUCA;CARTAGO;1;23;1
S_164;23/01/2024;17:35:50;4.757;-75.986;45.8;2.2;VALLE DEL CAUCA;CARTAGO;1;23;1
S_165;23/01/2024;18:45:58;4.759;-75.984;45.51;1.8;VALLE DEL CAUCA;CARTAGO;1;23;1
S_166;24/01/2024;5:25:38;4.761;-75.978;48.09;2;VALLE DEL CAUCA;CARTAGO;1;24;1
S_167;25/01/2024;2:54:46;4.773;-75.948;49.02;1.4;VALLE DEL CAUCA;CARTAGO;1;25;1
S_168;25/01/2024;8:22:58;4.757;-75.961;49.02;1.8;VALLE DEL CAUCA;CARTAGO;1;25;1
S_169;25/01/2024;10:37:58;4.765;-75.967;43.16;1.5;VALLE DEL CAUCA;CARTAGO;1;25;1
S_170;26/01/2024;7:24:05;4.765;-75.967;51.13;1.6;VALLE DEL CAUCA;CARTAGO;1;26;1
S_171;27/01/2024;3:37:27;4.711;-75.937;59.9;1.2;VALLE DEL CAUCA;CARTAGO;1;27;1
S_172;27/01/2024;13:17:01;4.767;-75.967;45.98;1.7;VALLE DEL CAUCA;CARTAGO;1;27;1
S_173;28/01/2024;3:14:54;4.754;-75.969;48.09;1.5;VALLE DEL CAUCA;CARTAGO;1;28;1
S_174;28/01/2024;5:48:06;4.759;-75.965;55.12;1;VALLE DEL CAUCA;CARTAGO;1;28;1
S_175;28/01/2024;22:14:33;4.79;-75.948;42.46;0.9;VALLE DEL CAUCA;CARTAGO;1;28;1
S_176;29/01/2024;11:35:12;4.776;-75.961;43.87;1.2;VALLE DEL CAUCA;CARTAGO;1;29;1
S_177;30/01/2024;7:52:22;4.761;-75.971;46.21;1.5;VALLE DEL CAUCA;CARTAGO;1;30;1
S_178;30/01/2024;9:17:02;4.78;-75.972;45.98;1.4;VALLE DEL CAUCA;CARTAGO;1;30;1
S_179;30/01/2024;13:44:22;4.741;-75.978;49.08;1.7;VALLE DEL CAUCA;CARTAGO;1;30;1
S_180;3/02/2024;23:28:54;4.749;-75.963;49.43;1.4;VALLE DEL CAUCA;CARTAGO;1;3;2
S_181;3/02/2024;23:57:35;4.754;-75.959;48.61;1.5;VALLE DEL CAUCA;CARTAGO;1;3;2
S_182;4/02/2024;16:37:05;4.718;-75.993;60.51;0.8;VALLE DEL CAUCA;CARTAGO;1;4;2
S_183;5/02/2024;0:01:27;4.773;-75.937;45.04;1;VALLE DEL CAUCA;CARTAGO;1;5;2
S_184;8/02/2024;3:27:57;4.761;-75.98;48.09;1;VALLE DEL CAUCA;CARTAGO;1;8;2
S_185;8/02/2024;14:14:00;4.758;-75.957;48.96;2.2;VALLE DEL CAUCA;CARTAGO;1;8;2
S_186;8/02/2024;23:41:04;4.75;-75.979;56.57;0.9;VALLE DEL CAUCA;CARTAGO;1;8;2
S_187;9/02/2024;5:04:36;4.772;-75.967;46.04;1.8;VALLE DEL CAUCA;CARTAGO;1;9;2
S_188;9/02/2024;6:42:41;4.762;-75.964;48.96;1.7;VALLE DEL CAUCA;CARTAGO;1;9;2
S_189;9/02/2024;11:36:49;4.746;-75.969;49.73;1.4;VALLE DEL CAUCA;CARTAGO;1;9;2
S_190;10/02/2024;3:58:29;4.757;-75.965;48.79;1.2;VALLE DEL CAUCA;CARTAGO;1;10;2
S_191;12/02/2024;9:16:23;4.765;-75.961;48.32;1;VALLE DEL CAUCA;CARTAGO;1;12;2
S_192;20/02/2024;11:58:57;4.754;-75.969;48.32;1.1;VALLE DEL CAUCA;CARTAGO;1;20;2
S_193;24/02/2024;9:21:38;4.755;-75.97;51.48;1.6;VALLE DEL CAUCA;CARTAGO;1;24;2
S_194;25/02/2024;14:39:20;4.735;-75.973;48.79;0.8;VALLE DEL CAUCA;CARTAGO;1;25;2
S_195;27/02/2024;7:33:52;4.769;-75.95;50.66;1.4;VALLE DEL CAUCA;CARTAGO;1;27;2
S_196;1/03/2024;9:08:15;4.759;-75.974;51.84;1.6;VALLE DEL CAUCA;CARTAGO;1;1;3
S_197;4/03/2024;6:08:13;4.714;-75.889;63.55;0.9;VALLE DEL CAUCA;CARTAGO;1;4;3
S_198;5/03/2024;10:24:09;4.717;-75.966;103.98;1.6;VALLE DEL CAUCA;CARTAGO;1;5;3
S_199;13/03/2024;3:58:13;4.691;-75.956;73.13;1.1;VALLE DEL CAUCA;CARTAGO;1;13;3
S_200;13/03/2024;6:45:58;4.735;-75.93;75.11;0.8;VALLE DEL CAUCA;CARTAGO;1;13;3
S_201;23/03/2024;0:42:36;4.752;-75.931;55.12;1.1;VALLE DEL CAUCA;CARTAGO;1;23;3
S_202;7/04/2024;9:09:29;4.634;-75.85;45.33;1.9;VALLE DEL CAUCA;CARTAGO;1;7;4
S_203;8/04/2024;9:04:38;4.755;-75.953;48.67;0.9;VALLE DEL CAUCA;CARTAGO;1;8;4
S_204;17/04/2024;3:29:41;4.799;-75.961;52.07;1.2;VALLE DEL CAUCA;CARTAGO;1;17;4
S_205;18/04/2024;15:32:25;4.754;-75.929;49.02;1.3;VALLE DEL CAUCA;CARTAGO;1;18;4
S_206;7/05/2024;7:20:14;4.769;-75.965;45.74;0.8;VALLE DEL CAUCA;CARTAGO;1;7;5
S_207;15/05/2024;1:43:04;4.736;-75.95;63.19;1;VALLE DEL CAUCA;CARTAGO;1;15;5
S_208;15/05/2024;10:42:47;4.754;-75.955;29.92;0.8;VALLE DEL CAUCA;CARTAGO;1;15;5
S_209;29/05/2024;21:57:02;4.784;-75.952;41.52;1.2;VALLE DEL CAUCA;CARTAGO;1;29;5
S_210;2/06/2024;0:31:20;4.761;-75.963;49.02;1.4;VALLE DEL CAUCA;CARTAGO;1;2;6
S_211;2/06/2024;21:35:28;4.731;-75.976;58.96;1.4;VALLE DEL CAUCA;CARTAGO;1;2;6
S_212;4/06/2024;12:09:52;4.762;-75.966;45.21;1.9;VALLE DEL CAUCA;CARTAGO;1;4;6
S_213;4/06/2024;12:36:54;4.785;-75.941;38.36;1.1;VALLE DEL CAUCA;CARTAGO;1;4;6
S_214;7/06/2024;0:28:39;4.778;-75.961;41.05;1;VALLE DEL CAUCA;CARTAGO;1;7;6
S_215;14/06/2024;2:05:58;4.628;-75.874;20.82;1.1;VALLE DEL CAUCA;CARTAGO;1;14;6
S_216;15/06/2024;16:54:39;4.782;-75.972;41.99;1.5;VALLE DEL CAUCA;CARTAGO;1;15;6
S_217;18/06/2024;8:13:09;4.671;-75.983;111.48;1.3;VALLE DEL CAUCA;CARTAGO;1;18;6
S_218;21/06/2024;20:58:23;4.761;-75.965;43.4;1.2;VALLE DEL CAUCA;CARTAGO;1;21;6
S_219;25/06/2024;2:12:16;4.655;-75.941;40.59;1.1;VALLE DEL CAUCA;CARTAGO;1;25;6
S_220;4/07/2024;7:37:26;4.792;-75.957;44.57;0.9;VALLE DEL CAUCA;CARTAGO;1;4;7
S_221;6/07/2024;2:53:50;4.776;-75.952;43.63;1;VALLE DEL CAUCA;CARTAGO;1;6;7
S_222;8/07/2024;15:47:07;4.776;-75.959;44.39;1.5;VALLE DEL CAUCA;CARTAGO;1;8;7
S_223;11/07/2024;4:10:34;4.773;-75.96;43.57;1.3;VALLE DEL CAUCA;CARTAGO;1;11;7
S_224;19/07/2024;21:02:13;4.761;-75.952;41.76;1.2;VALLE DEL CAUCA;CARTAGO;1;19;7
S_225;24/07/2024;15:22:10;4.68;-76.015;55.12;1.2;VALLE DEL CAUCA;CARTAGO;1;24;7
S_226;27/07/2024;17:54:33;4.782;-75.94;41.99;0.8;VALLE DEL CAUCA;CARTAGO;1;27;7
S_227;1/08/2024;18:15:04;4.748;-75.935;48.79;1.5;VALLE DEL CAUCA;CARTAGO;1;1;8
S_228;9/08/2024;23:24:40;4.671;-75.996;104.92;1.4;VALLE DEL CAUCA;CARTAGO;1;9;8
S_229;18/08/2024;6:27:58;4.782;-75.966;64.36;1.5;VALLE DEL CAUCA;CARTAGO;1;18;8
S_230;23/08/2024;21:10:49;4.752;-75.959;44.8;0.9;VALLE DEL CAUCA;CARTAGO;1;23;8
S_231;24/08/2024;12:57:15;4.735;-75.98;49.73;1.6;VALLE DEL CAUCA;CARTAGO;1;24;8
S_232;29/08/2024;4:12:17;4.754;-75.971;47.38;0.9;VALLE DEL CAUCA;CARTAGO;1;29;8
S_233;29/08/2024;8:00:57;4.685;-76.007;47.62;1.4;VALLE DEL CAUCA;CARTAGO;1;29;8
S_234;29/08/2024;14:45:10;4.784;-75.952;46.21;1.2;VALLE DEL CAUCA;CARTAGO;1;29;8
S_235;30/08/2024;3:40:37;4.67;-75.847;16.45;1.2;VALLE DEL CAUCA;CARTAGO;1;30;8
S_236;7/09/2024;12:54:35;4.717;-75.949;58.56;1;VALLE DEL CAUCA;CARTAGO;1;7;9
S_237;7/09/2024;23:46:05;4.75;-75.974;49.26;1.3;VALLE DEL CAUCA;CARTAGO;1;7;9
S_238;8/09/2024;14:55:02;4.782;-75.963;49.96;1.8;VALLE DEL CAUCA;CARTAGO;1;8;9
S_239;13/09/2024;10:15:34;4.773;-75.954;45.74;1.1;VALLE DEL CAUCA;CARTAGO;1;13;9
S_240;16/09/2024;19:48:32;4.79;-75.925;33.09;0.9;VALLE DEL CAUCA;CARTAGO;1;16;9
S_241;27/09/2024;19:56:11;4.798;-75.953;47.27;1;VALLE DEL CAUCA;CARTAGO;1;27;9
S_242;3/10/2024;10:59:33;4.657;-75.948;46.68;1.3;VALLE DEL CAUCA;CARTAGO;1;3;10
S_243;10/10/2024;16:14:15;4.676;-75.907;34.26;1.2;VALLE DEL CAUCA;CARTAGO;1;10;10
S_244;21/10/2024;8:59:05;4.754;-75.967;47.62;1.1;VALLE DEL CAUCA;CARTAGO;1;21;10
S_245;31/10/2024;8:40:47;4.754;-75.982;48.32;1.3;VALLE DEL CAUCA;CARTAGO;1;31;10
S_246;2/11/2024;8:59:26;4.74;-75.974;53.44;1.1;VALLE DEL CAUCA;CARTAGO;1;2;11
S_247;11/11/2024;17:09:31;4.677;-75.902;66.64;1.2;VALLE DEL CAUCA;CARTAGO;1;11;11
S_248;15/11/2024;8:41:57;4.759;-75.976;47.85;0.9;VALLE DEL CAUCA;CARTAGO;1;15;11
S_249;22/11/2024;19:49:56;4.761;-75.971;47.38;1.9;VALLE DEL CAUCA;CARTAGO;1;22;11
S_250;3/12/2024;23:22:17;4.733;-75.886;119.61;1.5;VALLE DEL CAUCA;CARTAGO;1;3;12
S_251;15/12/2024;7:33:39;4.742;-75.912;52.77;1.4;VALLE DEL CAUCA;CARTAGO;1;15;12
S_252;18/12/2024;7:43:12;4.742;-75.978;48.09;1.3;VALLE DEL CAUCA;CARTAGO;1;18;12
S_253;22/12/2024;6:47:56;4.765;-75.952;49.02;1.2;VALLE DEL CAUCA;CARTAGO;1;22;12
S_254;27/12/2024;16:36:02;4.773;-75.954;48.09;1.4;VALLE DEL CAUCA;CARTAGO;1;27;12
S_255;31/12/2024;4:48:19;4.757;-75.952;48.32;0.8;VALLE DEL CAUCA;CARTAGO;1;31;12
